{
  "omega_n": {
    "0-4": 0.0009124087591240876,
    "5-9": 0.0009124087591240876,
    "10-14": 0.0009124087591240876,
    "15-19": 0.0009124087591240876,
    "20-24": 0.0009124087591240876,
    "25-29": 0.0009124087591240876,
    "30-34": 0.0009124087591240876,
    "35-39": 0.0009124087591240876,
    "40-44": 0.0009124087591240876,
    "45-49": 0.0009124087591240876,
    "50-54": 0.0009124087591240876,
    "55-59": 0.0009124087591240876,
    "60-64": 0.0009124087591240876,
    "65-69": 0.0009124087591240876,
    "70-74": 0.0009124087591240876,
    "75+": 0.0009124087591240876
  },
  "omega_v": {
    "0-4": 0.0027397260273972603,
    "5-9": 0.0027397260273972603,
    "10-14": 0.0027397260273972603,
    "15-19": 0.0027397260273972603,
    "20-24": 0.0027397260273972603,
    "25-29": 0.0027397260273972603,
    "30-34": 0.0027397260273972603,
    "35-39": 0.0027397260273972603,
    "40-44": 0.0027397260273972603,
    "45-49": 0.0027397260273972603,
    "50-54": 0.0027397260273972603,
    "55-59": 0.0027397260273972603,
    "60-64": 0.0027397260273972603,
    "65-69": 0.0027397260273972603,
    "70-74": 0.0027397260273972603,
    "75+": 0.0027397260273972603
  },
  "e": {
    "0-4": 0.95,
    "5-9": 0.95,
    "10-14": 0.95,
    "15-19": 0.95,
    "20-24": 0.95,
    "25-29": 0.95,
    "30-34": 0.95,
    "35-39": 0.95,
    "40-44": 0.95,
    "45-49": 0.95,
    "50-54": 0.95,
    "55-59": 0.95,
    "60-64": 0.95,
    "65-69": 0.95,
    "70-74": 0.95,
    "75+": 0.95
  },
  "p_a": {
    "0-4": 0.95,
    "5-9": 0.95,
    "10-14": 0.95,
    "15-19": 0.95,
    "20-24": 0.95,
    "25-29": 0.95,
    "30-34": 0.95,
    "35-39": 0.95,
    "40-44": 0.95,
    "45-49": 0.95,
    "50-54": 0.95,
    "55-59": 0.95,
    "60-64": 0.95,
    "65-69": 0.95,
    "70-74": 0.95,
    "75+": 0.95
  },
  "sigma": {
    "0-4": 0.4,
    "5-9": 0.4,
    "10-14": 0.4,
    "15-19": 0.4,
    "20-24": 0.4,
    "25-29": 0.4,
    "30-34": 0.4,
    "35-39": 0.4,
    "40-44": 0.4,
    "45-49": 0.4,
    "50-54": 0.4,
    "55-59": 0.4,
    "60-64": 0.4,
    "65-69": 0.4,
    "70-74": 0.4,
    "75+": 0.4
  },
  "u": {
    "0-4": 0.3956736,
    "5-9": 0.3956736,
    "10-14": 0.3815349,
    "15-19": 0.3815349,
    "20-24": 0.7859512,
    "25-29": 0.7859512,
    "30-34": 0.8585759,
    "35-39": 0.8585759,
    "40-44": 0.7981468,
    "45-49": 0.7981468,
    "50-54": 0.816696,
    "55-59": 0.816696,
    "60-64": 0.8784811,
    "65-69": 0.8784811,
    "70-74": 0.7383189,
    "75+": 0.7383189
  },
  "gamma_i": {
    "0-4": 0.2904047,
    "5-9": 0.2904047,
    "10-14": 0.2070468,
    "15-19": 0.2070468,
    "20-24": 0.2676134,
    "25-29": 0.2676134,
    "30-34": 0.3284704,
    "35-39": 0.3284704,
    "40-44": 0.3979398,
    "45-49": 0.3979398,
    "50-54": 0.4863355,
    "55-59": 0.4863355,
    "60-64": 0.6306967,
    "65-69": 0.6306967,
    "70-74": 0.6906705,
    "75+": 0.6906705
  },
  "gamma_p": {
    "0-4": 0.6666666666666666,
    "5-9": 0.6666666666666666,
    "10-14": 0.6666666666666666,
    "15-19": 0.6666666666666666,
    "20-24": 0.6666666666666666,
    "25-29": 0.6666666666666666,
    "30-34": 0.6666666666666666,
    "35-39": 0.6666666666666666,
    "40-44": 0.6666666666666666,
    "45-49": 0.6666666666666666,
    "50-54": 0.6666666666666666,
    "55-59": 0.6666666666666666,
    "60-64": 0.6666666666666666,
    "65-69": 0.6666666666666666,
    "70-74": 0.6666666666666666,
    "75+": 0.6666666666666666
  },
  "gamma_s": {
    "0-4": 0.2,
    "5-9": 0.2,
    "10-14": 0.2,
    "15-19": 0.2,
    "20-24": 0.2,
    "25-29": 0.2,
    "30-34": 0.2,
    "35-39": 0.2,
    "40-44": 0.2,
    "45-49": 0.2,
    "50-54": 0.2,
    "55-59": 0.2,
    "60-64": 0.2,
    "65-69": 0.2,
    "70-74": 0.2,
    "75+": 0.2
  },
  "gamma_c": {
    "0-4": 0.2857142857142857,
    "5-9": 0.2857142857142857,
    "10-14": 0.2857142857142857,
    "15-19": 0.2857142857142857,
    "20-24": 0.2857142857142857,
    "25-29": 0.2857142857142857,
    "30-34": 0.2857142857142857,
    "35-39": 0.2857142857142857,
    "40-44": 0.2857142857142857,
    "45-49": 0.2857142857142857,
    "50-54": 0.2857142857142857,
    "55-59": 0.2857142857142857,
    "60-64": 0.2857142857142857,
    "65-69": 0.2857142857142857,
    "70-74": 0.2857142857142857,
    "75+": 0.2857142857142857
  },
  "zero": {
    "0-4": 0.0,
    "5-9": 0.0,
    "10-14": 0.0,
    "15-19": 0.0,
    "20-24": 0.0,
    "25-29": 0.0,
    "30-34": 0.0,
    "35-39": 0.0,
    "40-44": 0.0,
    "45-49": 0.0,
    "50-54": 0.0,
    "55-59": 0.0,
    "60-64": 0.0,
    "65-69": 0.0,
    "70-74": 0.0,
    "75+": 0.0
  }
}